        url;name
        https://www.prairiemoon.com/astragalus-canadensis-canada-milk-vetch-prairie-moon-nursery.html;Astragalus canadensis
        https://www.prairiemoon.com/senna-hebecarpa-wild-senna-prairie-moon-nursery.html;Senna hebecarpa
        https://www.prairiemoon.com/amorpha-canescens-lead-plant-prairie-moon-nursery.html;Amorpha canescens
        https://plants.ces.ncsu.edu/plants/carya-glabra/;Carya glabra
        https://www.missouribotanicalgarden.org/PlantFinder/PlantFinderDetails.aspx?kempercode=m900;Zanthoxylum americanum
        https://plants.ces.ncsu.edu/plants/aronia-melanocarpa/;Aronia melanocarpa
        https://www.prairiemoon.com/iris-versicolor-northern-blue-flag-prairie-moon-nursery.html;Iris versicolor
        https://www.missouribotanicalgarden.org/PlantFinder/PlantFinderDetails.aspx?kempercode=a875;Juglans nigra
        https://www.prairiemoon.com/tradescantia-ohiensis-ohio-spiderwort-prairie-moon-nursery.html;Tradescantia ohiensis
        https://plants.ces.ncsu.edu/plants/liriodendron-tulipifera/;Liriodendron tulipifera
        https://plants.ces.ncsu.edu/plants/vitis-riparia/;Vitis riparia
        https://www.missouribotanicalgarden.org/PlantFinder/PlantFinderDetails.aspx?taxonid=286350;Geum rivale
        https://www.prairiemoon.com/strophostyles-helvola-trailing-wild-bean;Strophostyles helvola
        https://www.prairiemoon.com/campanula-rotundifolia-harebell-prairie-moon-nursery.html;Campanula rotundifolia
        https://www.prairiemoon.com/campanula-americana-tall-bellflower-prairie-moon-nursery.html;Campanulastrum americanum
        https://www.prairiemoon.com/verbena-hastata-blue-vervain-prairie-moon-nursery.html;Verbena hastata
        https://www.prairiemoon.com/verbena-simplex-narrow-leaved-vervain;Verbena simplex
        https://www.prairiemoon.com/asclepias-syriaca-common-milkweed;Asclepias syriaca
        https://www.prairiemoon.com/corydalis-sempervirens-pale-corydalis-prairie-moon-nursery.html;Capnoides sempervirens
        https://www.prairiemoon.com/asclepias-exaltata-poke-milkweed-prairie-moon-nursery.html;Asclepias exaltata
        https://www.prairiemoon.com/asclepias-incarnata-rose-milkweed-prairie-moon-nursery.html;Asclepias incarnata
        https://www.prairiemoon.com/asclepias-tuberosa-butterfly-weed-prairie-moon-nursery.html;Asclepias tuberosa
        https://www.wildflower.org/plants/result.php?id_plant=asve;Asclepias verticillata
        https://www.prairiemoon.com/artemisia-ludoviciana-prairie-sage-prairie-moon-nursery.html;Artemisia ludoviciana
        https://www.prairiemoon.com/heliopsis-helianthoides-early-sunflower-prairie-moon-nursery.html;Heliopsis helianthoides
        https://www.prairiemoon.com/coreopsis-lanceolata-lance-leaf-coreopsis-prairie-moon-nursery.html;Coreopsis lanceolata
        https://www.missouribotanicalgarden.org/PlantFinder/PlantFinderDetails.aspx?kempercode=k460;Heuchera americana
        https://www.prairiemoon.com/ratibida-pinnata-yellow-coneflower-prairie-moon-nursery.html;Ratibida pinnata
        https://www.prairiemoon.com/helianthus-giganteus-tall-sunflower-prairie-moon-nursery.html;Helianthus giganteus
        https://www.prairiemoon.com/helianthus-divaricatus-woodland-sunflower-prairie-moon-nursery.html;Helianthus divaricatus
        https://www.prairiemoon.com/rudbeckia-hirta-black-eyed-susan-prairie-moon-nursery.html;Rudbeckia hirta
        https://www.prairiemoon.com/rudbeckia-laciniata-wild-golden-glow-prairie-moon-nursery.html;Rudbeckia laciniata
        https://www.prairiemoon.com/coreopsis-tripteris-tall-coreopsis-prairie-moon-nursery.html;Coreopsis tripteris
        https://www.prairiemoon.com/actinomeris-alternifolia-wingstem-prairie-moon-nursery.html;Verbesina alternifolia
        https://www.prairiemoon.com/bromus-pubescens-hairy-wood-chess;Bromus pubescens
        https://gobotany.nativeplanttrust.org/species/geranium/robertianum/;Geranium robertianum
        https://www.prairiemoon.com/clematis-virginiana-virgins-bower-prairie-moon-nursery.html;Clematis virginiana
        https://www.prairiemoon.com/eupatorium-purpureum-sweet-joe-pye-weed-prairie-moon-nursery.html;Eutrochium purpureum
        https://www.prairiemoon.com/anaphalis-margaritacea-pearly-everlasting;Anaphalis margaritacea
        https://www.prairiemoon.com/eupatorium-perfoliatum-boneset-prairie-moon-nursery.html;Eupatorium perfoliatum
        https://www.prairiemoon.com/eupatorium-maculatum-joe-pye-weed-prairie-moon-nursery.html;Eutrochium maculatum
        https://www.prairiemoon.com/aster-shortii-shorts-aster-prairie-moon-nursery.html;Symphyotrichum shortii
        https://www.wildflower.org/plants/result.php?id_plant=podo3;Polanisia dodecandra
        https://www.wildflower.org/plants/result.php?id_plant=GELA;Geum laciniatum
        https://www.minnesotawildflowers.info/flower/mountain-blue-eyed-grass;Sisyrinchium montanum
        https://www.minnesotawildflowers.info/flower/northern-evening-primrose;Oenothera parviflora
        https://www.prairiemoon.com/aralia-racemosa-spikenard-prairie-moon-nursery.html;Aralia racemosa
        https://www.prairiemoon.com/sisyrinchium-angustifolium-stout-blue-eyed-grass-prairie-moon-nursery.html;Sisyrinchium angustifolium
        https://www.prairiemoon.com/aquilegia-canadensis.html;Aquilegia canadensis
        https://plants.ces.ncsu.edu/plants/gillenia-trifoliata/;Gillenia trifoliata
        https://plants.ces.ncsu.edu/plants/thuja-occidentalis/;Thuja occidentalis
        https://www.prairiemoon.com/geum-canadense.html;Geum Canadense
        https://www.prairiemoon.com/agastache-nepetoides-yellow-giant-hyssop-prairie-moon-nursery.html;Agastache nepetoides
        https://www.prairiemoon.com/agastache-scrophulariaefolia-purple-giant-hyssop-prairie-moon-nursery.html;Agastache scrophulariifolia
        https://www.prairiemoon.com/penstemon-hirsutus-hairy-beardtongue-prairie-moon-nursery.html;Penstemon hirsutus
        https://www.prairiemoon.com/penthorum-sedoides-ditch-stonecrop-prairie-moon-nursery.html;Penthorum sedoides
        https://www.prairiemoon.com/scrophularia-lanceolata-early-figwort-prairie-moon-nursery.html;Scrophularia lanceolata
        https://www.prairiemoon.com/scrophularia-marilandica-late-figwort-prairie-moon-nursery.html;Scrophularia marilandica
        https://www.prairiemoon.com/spiraea-alba-meadowsweet-prairie-moon-nursery.html;Spiraea alba
        https://www.prairiemoon.com/spiraea-tomentosa-steeplebush-prairie-moon-nursery.html;Spiraea tomentosa
        https://www.missouribotanicalgarden.org/PlantFinder/PlantFinderDetails.aspx?taxonid=286169;Thalictrum pubescens
        https://www.prairiemoon.com/echinocystis-lobata-wild-cucumber-prairie-moon-nursery.html;Echinocystis lobata
        https://plants.ces.ncsu.edu/plants/cercis-canadensis/;Cercis canadensis
        https://www.prairiemoon.com/teucrium-canadense-germander-prairie-moon-nursery.html;Teucrium canadense
        https://www.prairiemoon.com/potentilla-arguta-prairie-cinquefoil-prairie-moon-nursery.html;Drymocallis arguta
        https://www.prairiemoon.com/pontederia-cordata-pickerelweed;Pontederia cordata
        https://www.prairiemoon.com/viola-sororia-common-blue-violet-prairie-moon-nursery.html;Viola sororia
        https://www.prairiemoon.com/lysimachia-ciliata-fringed-loosestrife-prairie-moon-nursery.html;Lysimachia ciliata
        https://www.prairiemoon.com/physostegia-virginiana-obedient-plant-prairie-moon-nursery.html;Physostegia virginiana
        https://www.prairiemoon.com/physocarpus-opulifolius-prairie-ninebark-prairie-moon-nursery.html;Physocarpus opulifolius
        https://www.prairiemoon.com/blephilia-ciliata-downy-wood-mint-prairie-moon-nursery.html;Blephilia ciliata
        https://www.prairiemoon.com/blephilia-hirsuta-hairy-wood-mint-prairie-moon-nursery.html;Blephilia hirsuta
        https://www.missouribotanicalgarden.org/PlantFinder/PlantFinderDetails.aspx?taxonid=279210#:~:text=Hypericum%20pyramidatum%2C%20commonly%20called%20great%20St.%20John%E2%80%99s%20wort%2C,and%20a%20center%20boss%20of%20bushy%20yellow%20stamens.;Hypericum ascyron subsp. pyramidatum
        https://www.prairiemoon.com/hypericum-punctatum-dotted-st-johns-wort-prairie-moon-nursery.html;Hypericum punctatum
        https://www.prairiemoon.com/lobelia-cardinalis-cardinal-flower-prairie-moon-nursery.html;Lobelia cardinalis
        https://www.prairiemoon.com/lobelia-inflata-indian-tobacco-prairie-moon-nursery.html;Lobelia inflata
        https://www.prairiemoon.com/lobelia-siphilitica-great-blue-lobelia-prairie-moon-nursery.html;Lobelia siphilitica
        https://www.prairiemoon.com/mimulus-ringens-monkey-flower-prairie-moon-nursery.html;Mimulus ringens
        https://www.prairiemoon.com/scutellaria-lateriflora-mad-dog-skullcap-prairie-moon-nursery.html;Scutellaria lateriflora
        https://www.prairiemoon.com/verbena-stricta-hoary-vervain-prairie-moon-nursery.html;Verbena stricta
        https://www.prairiemoon.com/verbena-urticifolia-white-vervain-prairie-moon-nursery.html;Verbena urticifolia
        https://www.prairiemoon.com/hypericum-majus-great-canada-st-johns-wort-prairie-moon-nursery.html;Hypericum majus
        https://www.prairiemoon.com/lupinus-perennis-wild-lupine-prairie-moon-nursery.html;Lupinus perennis
        https://www.prairiemoon.com/gentiana-andrewsii-bottle-gentian-prairie-moon-nursery.html;Gentiana andrewsii
        https://www.prairiemoon.com/gentianopsis-crinita-fringed-gentian-prairie-moon-nursery.html;Gentianopsis crinita
        https://gobotany.nativeplanttrust.org/species/alnus/incana/;Alnus incana
        https://plants.ces.ncsu.edu/plants/fraxinus-americana/;Fraxinus americana
        https://plants.ces.ncsu.edu/plants/fraxinus-pennsylvanica/;Fraxinus pennsylvanica
        https://www.prairiemoon.com/ceanothus-americanus-new-jersey-tea-prairie-moon-nursery.html;Ceanothus americanus
        https://www.prairiemoon.com/hibiscus-moscheutos-swamp-rose-mallow-prairie-moon-nursery.html;Hibiscus moscheutos
        https://www.prairiemoon.com/allium-cernuum-nodding-onion-prairie-moon-nursery.html;Allium cernuum
        https://www.prairiemoon.com/lilium-philadelphicum-prairie-lily-prairie-moon-nursery.html;Lilium philadelphicum
        https://www.prairiemoon.com/allium-stellatum-prairie-onion-prairie-moon-nursery.html;Allium stellatum
        https://www.illinoiswildflowers.info/grasses/plants/sl_sandsedge.htm;Cyperus lupulinus
        https://www.prairiemoon.com/phlox-divaricata-wild-blue-phlox-prairie-moon-nursery.html;Phlox divaricata
        https://www.prairiemoon.com/polygonum-pensylvanicum-pinkweed-prairie-moon-nursery.html;Persicaria pensylvanica
        https://www.prairiemoon.com/scirpus-atrovirens-dark-green-bulrush-prairie-moon-nursery.html;Scirpus atrovirens
        https://www.minnesotawildflowers.info/grass-sedge-rush/wild-rice;Zizania palustris
        https://www.prairiemoon.com/bidens-frondosa-common-beggarticks-prairie-moon-nursery.html;Bidens frondosa
        https://www.missouribotanicalgarden.org/PlantFinder/PlantFinderDetails.aspx?kempercode=c337;Rhus typhina
        https://www.prairiemoon.com/bidens-cernua-nodding-bur-marigold-prairie-moon-nursery.html;Bidens cernua
        https://www.prairiemoon.com/carex-lupulina-common-hop-sedge-prairie-moon-nursery.html;Carex lupulina
        https://www.prairiemoon.com/carex-lurida-sallow-sedge-prairie-moon-nursery.html;Carex lurida
        https://www.prairiemoon.com/carex-stipata-awl-fruited-sedge;Carex stipata
        https://www.prairiemoon.com/carex-blanda-common-wood-sedge;Carex blanda
        https://www.prairiemoon.com/carex-crinita-fringed-sedge-prairie-moon-nursery.html;Carex crinita
        https://www.prairiemoon.com/carex-vulpinoidea-brown-fox-sedge-prairie-moon-nursery.html;Carex vulpinoidea
        https://www.prairiemoon.com/scirpus-cyperinus-wool-grass-prairie-moon-nursery.html;Scirpus cyperinus
        https://www.prairiemoon.com/scirpus-pendulus-rufous-bulrush-prairie-moon-nursery.html;Scirpus pendulus
        https://www.prairiemoon.com/carex-grayi-common-bur-sedge-prairie-moon-nursery.html;Carex grayi
        https://www.prairiemoon.com/carex-sprengelii-long-beaked-sedge-prairie-moon-nursery.html;Carex sprengelii
        https://www.prairiemoon.com/cinna-arundinacea-wood-reed-grass-prairie-moon-nursery.html;Cinna arundinacea
        https://www.prairiemoon.com/cirsium-discolor-pasture-thistle;Cirsium discolor
        https://www.prairiemoon.com/geranium-maculatum-wild-geranium-prairie-moon-nursery.html;Geranium maculatum
        https://www.prairiemoon.com/cryptotaenia-canadensis-honewort-prairie-moon-nursery.html;Cryptotaenia canadensis
        https://www.prairiemoon.com/geum-triflorum-prairie-smoke-prairie-moon-nursery.html;Geum triflorum
        https://www.prairiemoon.com/liatris-aspera-button-blazing-star-prairie-moon-nursery.html;Liatris aspera
        https://www.prairiemoon.com/liatris-cylindracea-dwarf-blazing-star-prairie-moon-nursery.html;Liatris cylindracea
        https://www.prairiemoon.com/liatris-spicata-dense-blazing-star;Liatris spicata
        https://www.prairiemoon.com/solidago-ptarmicoides-upland-white-aster-prairie-moon-nursery.html;Solidago ptarmicoides
        https://www.prairiemoon.com/vernonia-altissima-tall-ironweed-prairie-moon-nursery.html;Vernonia gigantea
        https://www.prairiemoon.com/eupatorium-rugosum-white-snakeroot-prairie-moon-nursery.html;Ageratina altissima
        https://www.prairiemoon.com/anemone-virginiana.html;Anemone virginiana
        https://www.minnesotawildflowers.info/flower/howells-pussytoes;Antennaria howellii
        https://www.prairiemoon.com/antennaria-neglecta.html;Antennaria neglecta
        https://www.prairiemoon.com/antennaria-parlinii-parlins-pussy;Antennaria parlinii
        https://www.prairiemoon.com/epilobium-angustifolium-fireweed-prairie-moon-nursery.html;Chamaenerion angustifolium
        https://plants.ces.ncsu.edu/plants/epilobium-ciliatum/;Epilobium ciliatum
        https://www.prairiemoon.com/erigeron-pulchellus-robins-plantain-prairie-moon-nursery.html;Erigeron pulchellus
        https://www.prairiemoon.com/eupatorium-altissimum-tall-boneset-prairie-moon-nursery.html;Eupatorium altissimum
        https://www.prairiemoon.com/eurybia-divaricata-white-wood-aster;Eurybia divaricata
        https://www.prairiemoon.com/eurybia-macrophylla-big-leaved-aster;Eurybia macrophylla
        https://www.prairiemoon.com/solidago-graminifolia-grass-leaved-goldenrod-prairie-moon-nursery.html;Euthamia graminifolia
        https://www.prairiemoon.com/solidago-caesia-blue-stemmed-goldenrod-prairie-moon-nursery.html;Solidago caesia
        https://www.prairiemoon.com/solidago-flexicaulis-zig-zag-goldenrod-prairie-moon-nursery.html;Solidago flexicaulis
        https://www.prairiemoon.com/solidago-juncea-early-goldenrod-prairie-moon-nursery.html;Solidago juncea
        https://www.prairiemoon.com/solidago-nemoralis-old-field-goldenrod-prairie-moon-nursery.html;Solidago nemoralis
        https://gobotany.nativeplanttrust.org/species/solidago/puberula/;Solidago puberula
        https://www.prairiemoon.com/solidago-rigida-stiff-goldenrod-prairie-moon-nursery.html;Solidago rigida
        https://www.prairiemoon.com/solidago-rugosa-wrinkle-leaf-goldenrod;Solidago rugosa
        https://gobotany.nativeplanttrust.org/species/solidago/squarrosa/;Solidago squarrosa
        https://www.prairiemoon.com/solidago-uliginosa-bog-goldenrod-prairie-moon-nursery.html;Solidago uliginosa
        https://www.prairiemoon.com/symphyotrichum-cordifolium-heart-leaved-aster;Symphyotrichum cordifolium
        <p class=p3><span class=s1;Symphyotrichum novae-angliae</i></span></p>
        https://www.prairiemoon.com/symphyotrichum-pilosus-frost-aster;Symphyotrichum pilosum
        https://www.prairiemoon.com/symphyotrichum-urophyllum-arrow-leaved-aster;Symphyotrichum urophyllum
        https://www.prairiemoon.com/solidago-patula-swamp-goldenrod-prairie-moon-nursery.html;Solidago patula
        https://www.prairiemoon.com/doellingeria-umbellata-flat-topped-aster;Doellingeria umbellata
        https://www.prairiemoon.com/symphyotrichum-puniceum-swamp-aster;Symphyotrichum puniceum
        https://www.prairiemoon.com/symphyotrichum-sericeum-silky-aster;Symphyotrichum sericeum
        <p class=p3><span class=s1;Ostrya virginiana</i></span></p>
        https://www.wildflower.org/plants/result.php?id_plant=paqu2;Parthenocissus quinquefolia
        https://www.wildflower.org/plants/result.php?id_plant=frvi;Fragaria virginiana
        https://www.prairiemoon.com/agalinis-tenuifolia-slender-false-foxglove;Agalinis tenuifolia
        https://www.minnesotawildflowers.info/grass-sedge-rush/path-rush;Juncus tenuis
        https://www.wildflower.org/plants/result.php?id_plant=LOSP;Lobelia spicata
        https://www.wildflower.org/plants/result.php?id_plant=OSLO;Osmorhiza longistylis
        https://www.wildflower.org/plants/result.php?id_plant=PHLE5;Phryma leptostachya
        https://www.wildflower.org/plants/result.php?id_plant=rhar4;Rhus aromatica
        https://www.wildflower.org/plants/result.php?id_plant=sarar3;Sambucus racemosa
        https://www.missouribotanicalgarden.org/PlantFinder/PlantFinderDetails.aspx?kempercode=b500;Asimina triloba
        https://www.missouribotanicalgarden.org/PlantFinder/PlantFinderDetails.aspx?taxonid=279615;Juniperus communis var. depressa
        https://plants.ces.ncsu.edu/plants/rubus-occidentalis/;Rubus occidentalis
        https://www.missouribotanicalgarden.org/PlantFinder/PlantFinderDetails.aspx?kempercode=m190;Rubus odoratus
        https://www.wildflower.org/plants/result.php?id_plant=gapr2;Gaultheria procumbens
        https://www.missouribotanicalgarden.org/PlantFinder/PlantFinderDetails.aspx?kempercode=c125;Morus rubra
        https://www.minnesotawildflowers.info/shrub/wild-black-currant;Ribes americanum
        https://www.wildflower.org/plants/result.php?id_plant=ADFU;Adlumia fungosa
        https://www.prairiemoon.com/chelone-glabra-turtlehead-prairie-moon-nursery.html;Chelone glabra
        https://www.illinoiswildflowers.info/wetland/plants/kalm_lobelia.html;Lobelia kalmii
        https://www.prairiemoon.com/caltha-palustris-marsh-marigold-prairie-moon-nursery.html;Caltha palustris
        https://www.prairiemoon.com/quercus-rubra-red-oak;Quercus rubra
        https://www.missouribotanicalgarden.org/PlantFinder/PlantFinderDetails.aspx?kempercode=h540;Carpinus caroliniana
        https://www.prairiemoon.com/clematis-occidentalis-var-occidentalis-purple-clematis;Clematis occidentalis
        https://www.wildflower.org/plants/result.php?id_plant=cose16;Cornus sericea
        https://wildplantsfromseed.com/html/speciesdata.php?name=DIERVILLA%20LONICERA;Diervilla lonicera
        https://www.minnesotawildflowers.info/flower/bushy-cinquefoil;Potentilla supina
        https://www.illinoiswildflowers.info/woodland/plants/ml_viburnum.htm;Viburnum acerifolium
        https://www.prairiemoon.com/viburnum-lentago-nannyberry-prairie-moon-nursery.html;Viburnum lentago
        https://www.missouribotanicalgarden.org/PlantFinder/PlantFinderDetails.aspx?taxonid=279351;Cornus racemosa
        https://www.prairiemoon.com/lilium-michiganense-michigan-lily-prairie-moon-nursery.html;Lilium michiganense
        https://www.wildflower.org/plants/result.php?id_plant=ILVE;Ilex verticillata
        https://plants.ces.ncsu.edu/plants/prunus-pensylvanica/;Prunus pensylvanica
        https://www.missouribotanicalgarden.org/PlantFinder/PlantFinderDetails.aspx?kempercode=d496;Viburnum cassinoides
        https://www.wildflower.org/plants/result.php?id_plant=prpu3;Prunus pumila
        https://www.prairiemoon.com/arisaema-triphyllum-jack-in-the-pulpit-prairie-moon-nursery.html;Arisaema triphyllum
        https://www.prairiemoon.com/rosa-palustris-swamp-rose-prairie-moon-nursery.html;Rosa Palustris
        https://www.prairiemoon.com/rosa-blanda-early-wild-rose-prairie-moon-nursery.html;Rosa blanda
        https://www.prairiemoon.com/caulophyllum-thalictroides-blue-cohosh-prairie-moon-nursery.html;Caulophyllum thalictroides
        https://www.wildflower.org/plants/result.php?id_plant=ophu;Opuntia cespitosa
        https://gobotany.nativeplanttrust.org/species/triosteum/aurantiacum/;Triosteum aurantiacum
        https://www.prairiemoon.com/zizia-aurea-golden-alexanders-prairie-moon-nursery.html;Zizia aurea
        https://gobotany.nativeplanttrust.org/species/prunella/vulgaris/;Prunella vulgaris var. lanceolata
        https://www.prairiemoon.com/agastache-foeniculum-anise-hyssop-prairie-moon-nursery.html;Agastache foeniculum
        https://www.prairiemoon.com/angelica-atropurpurea.html;Angelica atropurpurea
        https://www.prairiemoon.com/pycnanthemum-tenuifolium-slender-mountain-mint-prairie-moon-nursery.html;Pycnanthemum tenuifolium
        https://www.prairiemoon.com/pycnanthemum-virginianum-mountain-mint-prairie-moon-nursery.html;Pycnanthemum virginianum
        https://illinoiswildflowers.info/savanna/plants/hog_peanut.html;Amphicarpaea bracteata
        https://www.prairiemoon.com/pycnanthemum-verticillatum-var-pilosum-hairy-mountain-mint-prairie-moon-nursery.html;Pycnanthemum verticillatum
        https://plants.ces.ncsu.edu/plants/gymnocladus-dioicus/;Gymnocladus dioicus
        https://illinoiswildflowers.info/prairie/plantx/sm_sundrops.htm;Oenothera perennis
        https://www.prairiemoon.com/gaura-biennis-biennial-gaura-prairie-moon-nursery.html;Oenothera gaura
        https://www.prairiemoon.com/satureja-vulgaris-wild-basil-prairie-moon-nursery.html;Clinopodium vulgare
        https://gobotany.nativeplanttrust.org/species/mentha/canadensis/;Mentha canadensis
        https://www.missouribotanicalgarden.org/PlantFinder/PlantFinderDetails.aspx?kempercode=b856;Oenothera fruticosa
        https://www.prairiemoon.com/veronicastrum-virginicum-culvers-root-prairie-moon-nursery.html;Veronicastrum virginicum
        https://www.prairiemoon.com/oenothera-biennis-common-evening-primrose-prairie-moon-nursery.html;Oenothera biennis
        https://www.prairiemoon.com/houstonia-longifolia-longleaf-bluets-prairie-moon-nursery.html;Houstonia longifolia
        https://www.prairiemoon.com/hypericum-kalmianum-kalms-st-johns-wort;Hypericum kalmianum
        https://www.prairiemoon.com/hypericum-prolificum-shrubby-st-johns-wort-prairie-moon-nursery.html;Hypericum prolificum
        https://plants.ces.ncsu.edu/plants/monarda-didyma/;Monarda didyma
        https://www.prairiemoon.com/monarda-fistulosa-wild-bergamot-prairie-moon-nursery.html;Monarda fistulosa
        https://www.prairiemoon.com/monarda-punctata-spotted-bee-balm-prairie-moon-nursery.html;Monarda punctata
        https://www.minnesotawildflowers.info/flower/frasers-marsh-st.-johnswort;Hypericum fraseri
        https://www.prairiemoon.com/sanguinaria-canadensis-bloodroot-prairie-moon-nursery.html;Sanguinaria canadensis
        https://www.wildflower.org/plants/result.php?id_plant=chca2;Chamaedaphne calyculata
        https://www.prairiemoon.com/stylophorum-diphyllum-celandine-poppy-prairie-moon-nursery.html;Stylophorum diphyllum
        https://www.prairiemoon.com/ptelea-trifoliata-wafer-ash-prairie-moon-nursery.html;Ptelea trifoliata
        https://www.wildflower.org/gallery/result.php?id_image=69268;Linum lewisii
        https://gobotany.nativeplanttrust.org/species/allium/schoenoprasum/;Allium schoenoprasum
        https://www.wildflower.org/plants/result.php?id_plant=asca;Asarum canadense
        https://gobotany.nativeplanttrust.org/species/artemisia/campestris/;Artemisia campestris
        https://plants.ces.ncsu.edu/plants/tiarella-cordifolia/;Tiarella cordifolia
        https://www.prairiemoon.com/cimicifuga-racemosa-black-cohosh-prairie-moon-nursery.html;Actaea racemosa
        https://www.prairiemoon.com/eragrostis-spectabilis-purple-love-grass-prairie-moon-nursery.html;Eragrostis spectabilis
        https://www.prairiemoon.com/sanguisorba-canadensis-american-burnet-prairie-moon-nursery.html;Sanguisorba canadensis
        https://www.prairiemoon.com/sorghastrum-nutans-indian-grass-prairie-moon-nursery.html;Sorghastrum nutans
        https://www.illinoiswildflowers.info/weeds/plants/bs_plantain.htm;Plantago rugelii
        https://www.prairiemoon.com/heracleum-maximum-cow-parsnip-prairie-moon-nursery.html;Heracleum maximum
        https://www.illinoiswildflowers.info/savanna/plants/pn_tktrefoil.htm;Desmodium paniculatum
        https://www.prairiemoon.com/dalea-purpurea-purple-prairie-clover-prairie-moon-nursery.html;Dalea purpurea
        https://www.prairiemoon.com/desmodium-canadense-showy-tick-trefoil-prairie-moon-nursery.html;Desmodium canadense
        https://www.prairiemoon.com/schizachyrium-scoparium-little-bluestem-prairie-moon-nursery.html;Schizachyrium scoparium
        https://www.prairiemoon.com/anemone-canadensis.html;Anemonastrum canadense
        https://www.prairiemoon.com/elymus-hystrix-bottlebrush-grass-prairie-moon-nursery.html;Elymus hystrix
        https://www.prairiemoon.com/andropogon-gerardii-big-bluestem-prairie-moon-nursery.html;Andropogon gerardi
        https://www.prairiemoon.com/elymus-canadensis-canada-wild-rye-prairie-moon-nursery.html;Elymus canadensis
        https://www.prairiemoon.com/elymus-virginicus-virginia-wild-rye-prairie-moon-nursery.html;Elymus virginicus
        https://www.prairiemoon.com/hepatica-acutiloba-sharp-lobed-hepatica;Hepatica acutiloba
        https://www.prairiemoon.com/hepatica-americana-round-lobed-hepatica;Hepatica americana
        https://www.prairiemoon.com/panicum-virgatum-switch-grass-prairie-moon-nursery.html;Panicum virgatum
        https://www.prairiemoon.com/bouteloua-curtipendula-side-oats-grama-prairie-moon-nursery.html;Bouteloua curtipendula
        https://www.prairiemoon.com/calamagrostis-canadensis-blue-joint-grass-prairie-moon-nursery.html;Calamagrostis canadensis
        https://www.prairiemoon.com/glyceria-canadensis-rattlesnake-grass-prairie-moon-nursery.html;Glyceria canadensis
        https://www.prairiemoon.com/muhlenbergia-mexicana-leafy-satin-grass-prairie-moon-nursery.html;Muhlenbergia mexicana
        https://www.prairiemoon.com/boehmeria-cylindrica-smallspike-false-nettle-prairie-moon-nursery.html;Boehmeria cylindrica
        https://www.prairiemoon.com/koeleria-macrantha-june-grass-prairie-moon-nursery.html;Koeleria macrantha
        https://www.prairiemoon.com/helenium-autumnale-sneezeweed-prairie-moon-nursery.html;Helenium autumnale
        https://www.prairiemoon.com/sporobolus-heterolepis-prairie-dropseed-prairie-moon-nursery.html;Sporobolus heterolepis
        https://www.prairiemoon.com/cephalanthus-occidentalis-buttonbush-prairie-moon-nursery.html;Cephalanthus occidentalis
        https://gobotany.nativeplanttrust.org/species/carex/alopecoidea/;Carex alopecoidea
        https://minnesotawildflowers.info/grass-sedge-rush/straw-colored-flatsedge;Cyperus strigosus
        https://www.illinoiswildflowers.info/woodland/plants/stickseed.htm;Hackelia virginiana
        https://plants.ces.ncsu.edu/plants/impatiens-capensis/;Impatiens capensis
        https://www.wildflower.org/plants/result.php?id_plant=PUPAM;Pulsatilla nuttalliana
        https://www.prairiemoon.com/erigeron-annuus-daisy-fleabane;Erigeron annuus
        https://www.prairiemoon.com/symphyotrichum-oolentangiense-sky-blue-aster;Symphyotrichum oolentangiense
        <p class=p3><span class=s1;Armeria maritima</i></span></p>
        https://www.minnesotawildflowers.info/flower/philadelphia-fleabane;Erigeron philadelphicus
        https://illinoiswildflowers.info/prairie/plantx/ds_fleabanex.htm;Erigeron strigosus
        https://illinoiswildflowers.info/prairie/plantx/bal_ragwort.html;Packera paupercula
        https://plants.ces.ncsu.edu/plants/solidago-bicolor/;Solidago bicolor
        https://www.missouribotanicalgarden.org/PlantFinder/PlantFinderDetails.aspx?taxonid=277473;Solidago canadensis
        https://gobotany.nativeplanttrust.org/species/solidago/macrophylla/;Solidago macrophylla
        https://www.minnesotawildflowers.info/flower/lindleys-aster;Symphyotrichum ciliolatum
        https://www.prairiemoon.com/symphyotrichum-ericoides-heath-aster;Symphyotrichum ericoides
        https://www.prairiemoon.com/symphyotrichum-laeve-smooth-blue-aster;Symphyotrichum laeve
        https://www.prairiemoon.com/symphyotrichum-lateriflorum-calico-aster;Symphyotrichum lateriflorum
        https://www.missouribotanicalgarden.org/PlantFinder/PlantFinderDetails.aspx?kempercode=c808;Salix discolor
        https://www.prairiemoon.com/symphyotrichum-lanceolatum-panicled-aster;Symphyotrichum lanceolatum
        https://www.missouribotanicalgarden.org/PlantFinder/PlantFinderDetails.aspx?taxonid=299999;Anemone parviflora
        https://plants.ces.ncsu.edu/plants/nabalus-altissimus/;Nabalus altissimus
        https://plants.ces.ncsu.edu/plants/solidago-altissima/;Solidago altissima
        https://www.prairiemoon.com/solidago-gigantea-late-goldenrod-prairie-moon-nursery.html;Solidago gigantea
        https://www.missouribotanicalgarden.org/PlantFinder/PlantFinderDetails.aspx?kempercode=k500;Solidago hispida
        https://uwaterloo.ca/astereae-lab/research/goldenrods/classification-and-illustrations/solidago-simplex/var-ontarioensis#:~:text=Solidago%20ontarioensis%20%28Ringius%29%20Semple%20%26%20Peirson%20is%20native,%28Ringius%29%20Ringius%20by%20Semple%20%26%20Cook%20%282006%20FNA%29.;Solidago ontarioensis
        https://www.prairiemoon.com/trillium-grandiflorum-large-flowered-trillium;Trillium grandiflorum
        https://www.wildflower.org/plants/result.php?id_plant=HETU;Helianthus tuberosus
        https://www.wildflower.org/plants/result.php?id_plant=trer3;Trillium erectum
        https://www.prairiemoon.com/hordeum-jubatum-squirrel-tail-grass;Hordeum jubatum
        https://www.wildflower.org/plants/result.php?id_plant=brka2;Bromus kalmii
        https://gobotany.nativeplanttrust.org/species/urtica/dioica/;Urtica gracilis
        https://www.prairiemoon.com/elymus-villosus-silky-wild-rye;Elymus villosus
        https://gobotany.nativeplanttrust.org/species/circaea/canadensis/;Circaea canadensis
        <p class=p3><span class=s1;Oclemena nemoralis</i></span></p>
        https://w.wildflower.org/plants/result.php?id_plant=PEGR5;Penstemon gracilis
        <p class=p3><span class=s1;Platanus occidentalis</i></span></p>
        https://gobotany.nativeplanttrust.org/species/rudbeckia/fulgida/;Rudbeckia speciosa Wenderoth
